{"coastal":[[22.81699,108.3671],[22.79886,108.35529],[22.75129,108.37959],[22.63068,108.38469],[22.6256,108.39777],[22.51326,108.40678],[22.45438,108.40519],[22.37795,108.3842],[22.29147,108.42969],[22.24796,108.42255],[22.19496,108.43845],[22.04484,108.45489],[22.03145,108.47317],[21.96329,108.51224],[21.90807,108.59421],[21.90588,108.64371],[21.87175,108.7167],[21.84952,108.84777],[21.8099,108.90558],[21.80276,108.97433],[21.76657,109.03482],[21.76611,109.07468],[21.74649,109.11757],[21.71589,109.13017],[21.60941,109.21783],[21.56467,109.17028],[21.4858,109.16567],[21.47371,109.1216],[21.48569,109.16585],[21.56467,109.17028],[21.60941,109.21783],[21.75177,109.11116],[21.76611,109.07468],[21.76657,109.03482],[21.80276,108.97433],[21.80938,108.90697],[21.84974,108.84776],[21.87198,108.71632],[21.90633,108.64225],[21.90783,108.59528],[21.97277,108.50568],[21.91856,108.45994],[21.84148,108.42498],[21.79997,108.3932],[21.7497,108.37659],[21.70663,108.3775],[21.68823,108.36948],[21.68667,108.35479],[21.69057,108.31062],[21.62588,108.2507],[21.62846,108.22062],[21.61534,108.20269],[21.6004,108.12919],[21.57998,108.09689],[21.56505,107.99929],[21.5438,107.99247],[21.54347,108.00599]],"border":[[22.81699,108.3671],[22.81545,108.30611],[22.79241,108.26812],[22.74143,108.26517],[22.62546,108.1709],[22.56186,107.97556],[22.56891,107.86797],[22.52007,107.67024],[22.37739,107.4485],[22.47284,107.38334],[22.45352,107.32577],[22.47672,107.28263],[22.54212,107.26056],[22.55097,107.22439],[22.59545,107.20616],[22.66361,107.11772],[22.64985,107.09827],[22.67303,106.96993],[22.79729,106.81186],[22.78215,106.77316],[22.8266,106.76837],[22.8572,106.71911],[22.84891,106.64418],[22.86608,106.6184],[22.90887,106.64847],[22.93523,106.62102],[22.96825,106.51074],[22.99438,106.49117],[23.06044,106.4937],[23.13471,106.41737],[23.09516,106.4491],[23.1709,106.51683],[23.20362,106.57617],[23.35032,106.65877],[23.45456,106.63499],[23.48631,106.6535],[23.58158,106.62014],[23.64252,106.64046],[23.6874,106.62594],[23.72088,106.65735],[23.7487,106.76282],[23.81364,106.69966],[23.8738,106.58983],[23.9023,106.61819],[23.90128,106.63887],[23.94437,106.63491],[24.05867,106.52574],[24.15003,106.60618],[24.35977,106.5492],[24.44445,106.62148],[24.6082,106.64158],[24.74933,106.60833],[24.7835,106.56093],[24.73347,106.61226],[24.60164,106.64075],[24.44451,106.62135],[24.35978,106.5491],[24.15007,106.60602],[24.05663,106.52443],[23.94716,106.6262],[23.92455,106.67144],[23.93169,106.72998],[24.03767,106.79403],[24.06196,106.88009],[24.0918,106.91459],[24.09965,107.01332],[24.14745,107.03143],[24.14909,107.07597],[24.1885,107.14974],[24.17923,107.20484],[24.14135,107.25465],[24.06063,107.32842],[23.96814,107.47196],[23.74609,107.51266],[23.71661,107.64781],[23.68126,107.6833],[23.50969,107.76711],[23.39713,107.78105],[23.33003,107.84376],[23.32622,107.93949],[23.29739,107.98631],[23.18196,108.03535],[23.10096,108.01237],[22.82076,108.16157],[22.84351,108.24071],[22.81437,108.30437],[22.81699,108.3671]],"ferry":[[21.4733,109.1209],[21.0333,109.1167]],"vnNanning":[[21.0285,105.85387],[21.10812,105.94224],[21.11575,105.95596],[21.09534,105.96686],[21.16889,106.08588],[21.24381,106.12058],[21.24925,106.17631],[21.28003,106.22326],[21.3498,106.28674],[21.42246,106.30653],[21.5201,106.3997],[21.57658,106.51903],[21.66177,106.58031],[21.69429,106.54726],[21.86294,106.51937],[21.89398,106.59706],[21.87827,106.65136],[21.97456,106.71446],[21.99758,106.70304],[22.08817,106.75875],[22.09233,106.84462],[22.15387,107.01779],[22.26625,107.14225],[22.27401,107.19725],[22.35156,107.35629],[22.36201,107.42929],[22.51953,107.66908],[22.56882,107.86799],[22.56615,107.996],[22.62966,108.18072],[22.79805,108.29159],[22.81699,108.3671]],"vnDongxing":[[21.0285,105.85387],[21.0397,105.86583],[21.01796,105.91285],[20.98082,105.94558],[20.8797,106.00349],[20.84696,106.04169],[20.86356,106.26655],[20.85817,106.34404],[20.81338,106.49801],[20.77161,106.58533],[20.7658,106.64897],[20.76585,106.69398],[20.78518,106.74756],[20.83741,106.75215],[20.92402,106.84868],[20.95088,106.89672],[20.96874,106.96291],[20.99284,106.97696],[20.95888,107.08536],[20.95172,107.0805],[20.95624,107.09769],[20.94155,107.12416],[21.00875,107.23051],[21.00837,107.35452],[21.02891,107.35042],[21.04626,107.35997],[21.07006,107.33816],[21.09833,107.35153],[21.08206,107.38607],[21.08512,107.40418],[21.1283,107.43382],[21.20133,107.46286],[21.23449,107.45197],[21.26977,107.45856],[21.28664,107.44632],[21.3022,107.45264],[21.32011,107.51893],[21.3696,107.56914],[21.41222,107.63508],[21.45915,107.67069],[21.48739,107.73425],[21.52556,107.78861],[21.52087,107.92213],[21.50984,107.96292],[21.51781,107.9855],[21.5334,107.96593],[21.51762,107.98522],[21.54386,107.99257],[21.54347,108.00599]],"hechiLoop":[[22.81699,108.3671],[22.83503,108.32415],[22.89679,108.31178],[22.93164,108.25494],[23.20132,108.25831],[23.38729,108.23015],[23.49781,108.18026],[23.61395,108.15886],[23.78195,108.07761],[23.83375,108.09736],[23.91855,108.08547],[23.93209,108.1045],[23.92091,108.08614],[24.06846,108.03715],[24.21807,108.06401],[24.29169,108.05012],[24.33732,108.10004],[24.49658,108.09745],[24.6593,108.01895],[24.69537,108.06167],[24.82187,108.13295],[24.83852,108.18456],[24.81702,108.23285],[24.83104,108.2588],[24.8386,108.1846],[24.8219,108.13301],[24.75277,108.10747],[24.67855,108.03938],[24.65984,108.00801],[24.66428,107.91542],[24.68124,107.85759],[24.77887,107.71306],[24.92032,107.62473],[24.98035,107.54357],[24.95745,107.57153],[24.99451,107.34006],[25.04086,107.25257],[24.99286,107.24117],[24.95868,107.2061],[24.99491,107.17398],[24.95654,107.20265],[24.88284,107.20382],[24.7646,107.18635],[24.70777,107.13998],[24.48438,107.11242],[24.47291,107.07617],[24.50619,107.03353],[24.53771,107.03106],[24.54285,107.0479],[24.53771,107.03106],[24.50652,107.03294],[24.47274,107.07613],[24.48267,107.11192],[24.44957,107.09148],[24.33939,107.08703],[24.26994,107.16757],[24.13708,107.19913],[23.98461,107.45767],[23.7491,107.50999],[23.70392,107.66633],[23.50969,107.76711],[23.39978,107.77949],[23.33318,107.83917],[23.32602,107.94028],[23.29609,107.98719],[23.18196,108.03535],[23.10096,108.01237],[22.82076,108.16157],[22.84351,108.24071],[22.81437,108.30437],[22.81699,108.3671]]}