{"coastal":[[22.81699,108.3671],[22.79886,108.35529],[22.75129,108.37959],[22.63068,108.38469],[22.6256,108.39777],[22.51326,108.40678],[22.45438,108.40519],[22.37795,108.3842],[22.29147,108.42969],[22.24796,108.42255],[22.19496,108.43845],[22.04484,108.45489],[22.03145,108.47317],[21.96329,108.51224],[21.90807,108.59421],[21.90588,108.64371],[21.87175,108.7167],[21.84952,108.84777],[21.8099,108.90558],[21.80276,108.97433],[21.76657,109.03482],[21.76611,109.07468],[21.74649,109.11757],[21.71589,109.13017],[21.60941,109.21783],[21.56467,109.17028],[21.4858,109.16567],[21.47371,109.1216],[21.48569,109.16585],[21.56467,109.17028],[21.60941,109.21783],[21.75177,109.11116],[21.76611,109.07468],[21.76657,109.03482],[21.80276,108.97433],[21.80938,108.90697],[21.84974,108.84776],[21.87198,108.71632],[21.90633,108.64225],[21.90783,108.59528],[21.97277,108.50568],[21.91856,108.45994],[21.84148,108.42498],[21.79997,108.3932],[21.7497,108.37659],[21.70663,108.3775],[21.68823,108.36948],[21.68667,108.35479],[21.69057,108.31062],[21.62588,108.2507],[21.62846,108.22062],[21.61534,108.20269],[21.6004,108.12919],[21.57998,108.09689],[21.56505,107.99929],[21.5438,107.99247],[21.54347,108.00599]],"border":[[22.81699,108.3671],[22.81545,108.30611],[22.79241,108.26812],[22.74143,108.26517],[22.62546,108.1709],[22.56186,107.97556],[22.56891,107.86797],[22.52007,107.67024],[22.37739,107.4485],[22.47284,107.38334],[22.45352,107.32577],[22.47672,107.28263],[22.54212,107.26056],[22.55097,107.22439],[22.59545,107.20616],[22.66361,107.11772],[22.64985,107.09827],[22.67303,106.96993],[22.79729,106.81186],[22.78215,106.77316],[22.8266,106.76837],[22.8572,106.71911],[22.84891,106.64418],[22.86608,106.6184],[22.90887,106.64847],[22.93523,106.62102],[22.96825,106.51074],[22.99438,106.49117],[23.06044,106.4937],[23.13471,106.41737],[23.09516,106.4491],[23.1709,106.51683],[23.20362,106.57617],[23.35032,106.65877],[23.45456,106.63499],[23.48631,106.6535],[23.58158,106.62014],[23.64252,106.64046],[23.6874,106.62594],[23.72088,106.65735],[23.7487,106.76282],[23.81364,106.69966],[23.8738,106.58983],[23.9023,106.61819],[23.90128,106.63887],[23.94437,106.63491],[24.05867,106.52574],[24.15003,106.60618],[24.35977,106.5492],[24.44445,106.62148],[24.6082,106.64158],[24.74933,106.60833],[24.7835,106.56093],[24.73347,106.61226],[24.60164,106.64075],[24.44451,106.62135],[24.35978,106.5491],[24.15007,106.60602],[24.05663,106.52443],[23.94716,106.6262],[23.92455,106.67144],[23.93169,106.72998],[24.03767,106.79403],[24.06196,106.88009],[24.0918,106.91459],[24.09965,107.01332],[24.14745,107.03143],[24.14909,107.07597],[24.1885,107.14974],[24.17923,107.20484],[24.14135,107.25465],[24.06063,107.32842],[23.96814,107.47196],[23.74609,107.51266],[23.71661,107.64781],[23.68126,107.6833],[23.50969,107.76711],[23.39713,107.78105],[23.33003,107.84376],[23.32622,107.93949],[23.29739,107.98631],[23.18196,108.03535],[23.10096,108.01237],[22.82076,108.16157],[22.84351,108.24071],[22.81437,108.30437],[22.81699,108.3671]],"ferry":[[21.4733,109.1209],[21.0333,109.1167]]}